{
  "ko": {
    "prop.1.name": "거인 상태",
    "prop.1.desc": "영웅 거인 변신, 무적 출격",
    "prop.2.name": "마법 보호",
    "prop.2.desc": "마법 방패 발동, 피해 1회 방어",
    "prop.3.name": "초반 가속",
    "prop.3.desc": "영웅 초고속 출격!",
    "prop.4.name": "펫 부화권"
  },
  "en": {
    "prop.1.name": "prop.1.name",
    "prop.1.desc": "prop.1.desc",
    "prop.2.name": "prop.2.name",
    "prop.2.desc": "prop.2.desc",
    "prop.3.name": "prop.3.name",
    "prop.3.desc": "prop.3.desc",
    "prop.4.name": "prop.4.name"
  },
  "cn": {
    "prop.1.name": "巨人状态",
    "prop.1.desc": "英雄变成巨人，无敌出场",
    "prop.2.name": "魔法保护",
    "prop.2.desc": "发动魔法盾，帮助英雄抵挡一次伤害",
    "prop.3.name": "开局加速",
    "prop.3.desc": "英雄以极快的速度冲洗出场！",
    "prop.4.name": "宠物孵化卷"
  }
}