{
  "ko": {
    "map.name.1": "초급 레벨",
    "map.name.2": "숲 1",
    "map.name.3": "숲 2",
    "map.name.4": "숲 3",
    "map.name.5": "숲 4",
    "map.name.6": "요새 1",
    "map.name.7": "요새 2",
    "map.name.8": "요새 3",
    "map.name.9": "숲 5",
    "map.name.10": "숲 6",
    "map.name.11": "요새 4",
    "map.name.12": "요새 5",
    "map.name.13": "숲 7",
    "map.name.14": "숲 8",
    "map.name.15": "동굴 1",
    "map.name.16": "동굴 2",
    "map.name.17": "화산 1",
    "map.name.18": "마야 1",
    "map.name.19": "사막 1",
    "map.name.20": "빙설 1",
    "map.name.21": "빙설 2",
    "map.name.22": "감옥 1",
    "map.name.23": "감옥 2",
    "map.name.24": "감옥 3",
    "map.name.25": "암흑 1",
    "map.name.26": "마야 2",
    "map.name.27": "덤불 1",
    "map.name.28": "덤불 2",
    "map.name.29": "사막 2",
    "map.name.30": "빙설 3",
    "map.name.31": "화산 2",
    "map.name.32": "암흑 2",
    "map.name.33": "암흑 3",
    "map.name.34": "암흑 4",
    "map.name.35": "암흑 4",
    "map.name.36": "숲 9",
    "map.name.37": "숲 10",
    "map.name.38": "요새 6",
    "map.name.39": "요새 7",
    "map.name.40": "동굴 3",
    "map.name.41": "화산 3",
    "map.name.42": "마야 3",
    "map.name.43": "사막 3",
    "map.name.44": "빙설 4",
    "map.name.45": "빙설 5",
    "map.name.46": "감옥옥 4",
    "map.name.47": "감옥옥 5",
    "map.name.48": "암흑 5",
    "map.name.49": "마야 4",
    "map.name.50": "덤불 3",
    "map.name.51": "덤불 4",
    "map.name.52": "사막 4",
    "map.name.53": "빙설 6",
    "map.name.54": "화산 4",
    "map.name.55": "암흑 6",
    "map.name.56": "암흑 7",
    "map.name.57": "암흑 8",
    "map.name.58": "숲 11",
    "map.name.59": "숲 12",
    "map.name.60": "요새 8",
    "map.name.61": "요새 9",
    "map.name.62": "동굴 4",
    "map.name.63": "화산 5",
    "map.name.64": "마야 5",
    "map.name.65": "암흑 9",
    "map.name.66": "덤불 5",
    "map.name.67": "사막 5",
    "map.name.68": "빙설 7",
    "map.name.69": "숲 13",
    "map.name.70": "숲 14",
    "map.name.71": "요새 10",
    "map.name.72": "요새 11",
    "map.name.73": "동굴 5",
    "map.name.74": "화산 6",
    "map.name.75": "마야 6",
    "map.name.76": "사막 6",
    "map.name.77": "빙설 8",
    "map.name.78": "감옥 6",
    "map.name.79": "감옥 7",
    "map.name.80": "암흑 10",
    "map.name.81": "마야 7",
    "map.name.82": "덤불 6",
    "map.name.83": "사막 7",
    "map.name.84": "빙설 9",
    "map.name.85": "숲 15",
    "map.name.86": "숲 16",
    "map.name.87": "요새 12",
    "map.name.88": "요새 13",
    "map.name.89": "동굴 6",
    "map.name.90": "화산 7",
    "map.name.91": "마야 8",
    "map.name.92": "암흑 11",
    "map.name.93": "덤불 7",
    "map.name.94": "사막 8",
    "map.name.95": "빙설 10",
    "map.name.96": "숲 17",
    "map.name.97": "숲 18",
    "map.name.98": "요새 14",
    "map.name.99": "요새 15",
    "map.name.100": "동굴 7",
    "map.name.101": "화산 8"
  },
  "en": {
    "map.name.1": "map.name.1",
    "map.name.2": "map.name.2",
    "map.name.3": "map.name.3",
    "map.name.4": "map.name.4",
    "map.name.5": "map.name.5",
    "map.name.6": "map.name.6",
    "map.name.7": "map.name.7",
    "map.name.8": "map.name.8",
    "map.name.9": "map.name.9",
    "map.name.10": "map.name.10",
    "map.name.11": "map.name.11",
    "map.name.12": "map.name.12",
    "map.name.13": "map.name.13",
    "map.name.14": "map.name.14",
    "map.name.15": "map.name.15",
    "map.name.16": "map.name.16",
    "map.name.17": "map.name.17",
    "map.name.18": "map.name.18",
    "map.name.19": "map.name.19",
    "map.name.20": "map.name.20",
    "map.name.21": "map.name.21",
    "map.name.22": "map.name.22",
    "map.name.23": "map.name.23",
    "map.name.24": "map.name.24",
    "map.name.25": "map.name.25",
    "map.name.26": "map.name.26",
    "map.name.27": "map.name.27",
    "map.name.28": "map.name.28",
    "map.name.29": "map.name.29",
    "map.name.30": "map.name.30",
    "map.name.31": "map.name.31",
    "map.name.32": "map.name.32",
    "map.name.33": "map.name.33",
    "map.name.34": "map.name.34",
    "map.name.35": "map.name.35",
    "map.name.36": "map.name.36",
    "map.name.37": "map.name.37",
    "map.name.38": "map.name.38",
    "map.name.39": "map.name.39",
    "map.name.40": "map.name.40",
    "map.name.41": "map.name.41",
    "map.name.42": "map.name.42",
    "map.name.43": "map.name.43",
    "map.name.44": "map.name.44",
    "map.name.45": "map.name.45",
    "map.name.46": "map.name.46",
    "map.name.47": "map.name.47",
    "map.name.48": "map.name.48",
    "map.name.49": "map.name.49",
    "map.name.50": "map.name.50",
    "map.name.51": "map.name.51",
    "map.name.52": "map.name.52",
    "map.name.53": "map.name.53",
    "map.name.54": "map.name.54",
    "map.name.55": "map.name.55",
    "map.name.56": "map.name.56",
    "map.name.57": "map.name.57",
    "map.name.58": "map.name.58",
    "map.name.59": "map.name.59",
    "map.name.60": "map.name.60",
    "map.name.61": "map.name.61",
    "map.name.62": "map.name.62",
    "map.name.63": "map.name.63",
    "map.name.64": "map.name.64",
    "map.name.65": "map.name.65",
    "map.name.66": "map.name.66",
    "map.name.67": "map.name.67",
    "map.name.68": "map.name.68",
    "map.name.69": "map.name.69",
    "map.name.70": "map.name.70",
    "map.name.71": "map.name.71",
    "map.name.72": "map.name.72",
    "map.name.73": "map.name.73",
    "map.name.74": "map.name.74",
    "map.name.75": "map.name.75",
    "map.name.76": "map.name.76",
    "map.name.77": "map.name.77",
    "map.name.78": "map.name.78",
    "map.name.79": "map.name.79",
    "map.name.80": "map.name.80",
    "map.name.81": "map.name.81",
    "map.name.82": "map.name.82",
    "map.name.83": "map.name.83",
    "map.name.84": "map.name.84",
    "map.name.85": "map.name.85",
    "map.name.86": "map.name.86",
    "map.name.87": "map.name.87",
    "map.name.88": "map.name.88",
    "map.name.89": "map.name.89",
    "map.name.90": "map.name.90",
    "map.name.91": "map.name.91",
    "map.name.92": "map.name.92",
    "map.name.93": "map.name.93",
    "map.name.94": "map.name.94",
    "map.name.95": "map.name.95",
    "map.name.96": "map.name.96",
    "map.name.97": "map.name.97",
    "map.name.98": "map.name.98",
    "map.name.99": "map.name.99",
    "map.name.100": "map.name.100",
    "map.name.101": "map.name.101"
  },
  "cn": {
    "map.name.1": "新手关",
    "map.name.2": "森林1",
    "map.name.3": "森林2",
    "map.name.4": "森林3",
    "map.name.5": "森林4",
    "map.name.6": "城堡1",
    "map.name.7": "城堡2",
    "map.name.8": "城堡3",
    "map.name.9": "森林5",
    "map.name.10": "森林6",
    "map.name.11": "城堡4",
    "map.name.12": "城堡5",
    "map.name.13": "森林7",
    "map.name.14": "森林8",
    "map.name.15": "洞穴1",
    "map.name.16": "洞穴2",
    "map.name.17": "火山1",
    "map.name.18": "玛雅1",
    "map.name.19": "沙漠1",
    "map.name.20": "冰雪1",
    "map.name.21": "冰雪2",
    "map.name.22": "牢房1",
    "map.name.23": "牢房2",
    "map.name.24": "牢房3",
    "map.name.25": "暗黑1",
    "map.name.26": "玛雅2",
    "map.name.27": "灌木1",
    "map.name.28": "灌木2",
    "map.name.29": "沙漠2",
    "map.name.30": "冰雪3",
    "map.name.31": "火山2",
    "map.name.32": "暗黑2",
    "map.name.33": "暗黑3",
    "map.name.34": "暗黑4",
    "map.name.35": "暗黑4",
    "map.name.36": "森林9",
    "map.name.37": "森林10",
    "map.name.38": "城堡6",
    "map.name.39": "城堡7",
    "map.name.40": "洞穴3",
    "map.name.41": "火山3",
    "map.name.42": "玛雅3",
    "map.name.43": "沙漠3",
    "map.name.44": "冰雪4",
    "map.name.45": "冰雪5",
    "map.name.46": "牢房4",
    "map.name.47": "牢房5",
    "map.name.48": "暗黑5",
    "map.name.49": "玛雅4",
    "map.name.50": "灌木3",
    "map.name.51": "灌木4",
    "map.name.52": "沙漠4",
    "map.name.53": "冰雪6",
    "map.name.54": "火山4",
    "map.name.55": "暗黑6",
    "map.name.56": "暗黑7",
    "map.name.57": "暗黑8",
    "map.name.58": "森林11",
    "map.name.59": "森林12",
    "map.name.60": "城堡8",
    "map.name.61": "城堡9",
    "map.name.62": "洞穴4",
    "map.name.63": "火山5",
    "map.name.64": "玛雅5",
    "map.name.65": "暗黑9",
    "map.name.66": "灌木5",
    "map.name.67": "沙漠5",
    "map.name.68": "冰雪7",
    "map.name.69": "森林13",
    "map.name.70": "森林14",
    "map.name.71": "城堡10",
    "map.name.72": "城堡11",
    "map.name.73": "洞穴5",
    "map.name.74": "火山6",
    "map.name.75": "玛雅6",
    "map.name.76": "沙漠6",
    "map.name.77": "冰雪8",
    "map.name.78": "牢房6",
    "map.name.79": "牢房7",
    "map.name.80": "暗黑10",
    "map.name.81": "玛雅7",
    "map.name.82": "灌木6",
    "map.name.83": "沙漠7",
    "map.name.84": "冰雪9",
    "map.name.85": "森林15",
    "map.name.86": "森林16",
    "map.name.87": "城堡12",
    "map.name.88": "城堡13",
    "map.name.89": "洞穴6",
    "map.name.90": "火山7",
    "map.name.91": "玛雅8",
    "map.name.92": "暗黑11",
    "map.name.93": "灌木7",
    "map.name.94": "沙漠8",
    "map.name.95": "冰雪10",
    "map.name.96": "森林17",
    "map.name.97": "森林18",
    "map.name.98": "城堡14",
    "map.name.99": "城堡15",
    "map.name.100": "洞穴7",
    "map.name.101": "火山8"
  }
}