{
  "ko": {
    "shopCap.1.name": "체력 강화",
    "shopCap.1.desc": "전체 체력이 %s 포인트 증가하여\n더 오래 버틸 수 있게 되었습니다.",
    "shopCap.2.name": "마법콩 강화",
    "shopCap.2.desc": "마법콩 점수가 %s로 변하여\n더 높은 총점을 노릴 수 있습니다."
  },
  "en": {
    "shopCap.1.name": "shopCap.1.name",
    "shopCap.1.desc": "shopCap.1.desc",
    "shopCap.2.name": "shopCap.2.name",
    "shopCap.2.desc": "shopCap.2.desc"
  },
  "cn": {
    "shopCap.1.name": "体力强化",
    "shopCap.1.desc": "总共增加体力%s点，可以坚持更久了",
    "shopCap.2.name": "魔法豆强化",
    "shopCap.2.desc": "魔法豆分数变成%s，可以争取更高的总分啦"
  }
}