{
  "ko": {
    "loading": "로딩 중",
    "enegy.recovery": "하트 회복 시간:",
    "mode.challenge": "챌린지 모드",
    "mode.eternal": "무한 모드",
    "mode.eternal.infinity": "무한 모드∞",
    "btn.hero": "영웅",
    "btn.pet": "마이펫",
    "btn.setting": "설정",
    "btn.gift": "선물",
    "btn.rank": "랭킹",
    "text.confirm": "확인",
    "text.cancel": "취소",
    "text.confirm_use": "를 사용하시겠습니까?",
    "text.continue": "아무 곳이나 터치하여 계속",
    "btn.confirm": "획득",
    "btn.cancel": "취소",
    "signIn.title": "매일 체크인",
    "signIn.signin": "체크인",
    "체크인 완료": "체크인 완료",
    "DiaShop.title": "다이아 상점",
    "DiaShop.getFree": "무료 받기",
    "currency.dia": "다이아",
    "currency.silver": "코인",
    "currency.heart": "하트",
    "DrawBox.title": "선물 뽑기",
    "DrawBox.remain": "오늘 남은 횟수:",
    "DrawBox.reward": "초반 가속",
    "DrawBox.hint1": "X5 로 열기",
    "DrawBox.hint2": "상자를 클릭해주세요",
    "text.congratulations": "축하합니다!",
    "text.selecting_prize": "상품을 선택하세요!",
    "text.draw_time_used_up": "오늘의 추첨 횟수를 모두 사용했습니다!",
    "text.diamond_not_enough": "다이아 부족!",
    "text.diamond_not_enough2": "다이아 부족",
    "text.close": "닫기",
    "EndPage.title": "게임 점수",
    "EndPage.newRecord": "신기록",
    "EndPage.growLv": "레벨 요새장:",
    "EndPage.dropItem": "전리품:",
    "EndPage.hintEndless": "무한 모드 잠금 해제, 플레이 가능",
    "item.upgrade": "레벨업 보상",
    "receive.normal": "일반 보상",
    "receive.triple": "3배 보상",
    "Fail.Title": "도전 실패",
    "Fail.home": "홈으로 돌아가기",
    "Fail.continue": "다시 시작하기",
    "HatchPet.title": "펫 부화",
    "HatchPet.myPet": "마이펫",
    "petEgg.normal": "일반 펫 알",
    "petEgg.high": "고급 펫 알",
    "petEgg.normalDesc": "C/D급 펫 획득 가능",
    "petEgg.highDesc": "A/B/C급 펫 획득 가능",
    "petEgg.normalHatch": "일반 부화",
    "petEgg.highHatch": "고급 부화",
    "heroShop.title": "프렌즈 정보",
    "maxLevel": "최대 레벨",
    "limited": "한정",
    "heroShop.item.nameLab": "나는 머스킷병",
    "heroShop.item.selected": "현재 선택",
    "upgrade": "강화",
    "unlocked": "잠금 해제 안 됨",
    "ImgConfirm.title": "힌트",
    "ImgConfirm.content": "거인 상태",
    "text.pet_hatching": "펫 부화 중… 잠시만 기다려 주세요",
    "text.not_enough_silver": "코인 부족!",
    "text.not_enough_heart": "하트 부족!",
    "UILevel.gamestart": "게임 시작",
    "UILevel.upgrade": "특요새 업그레이드",
    "UILevel.title": "레벨 선택",
    "LiftGift.title": "능력 업그레이드",
    "text.highest_level": "최고 레벨 도달",
    "text.not_enough_silver2": "코인 부족",
    "UIPause.continue": "게임 계속하기",
    "UIPet.title": "펫 선택",
    "UIPet.noPet": "펫 없음, 부화하세요!",
    "UIPet.hatch": "부화",
    "PetDrawResult.content": "새로운 펫 획득",
    "text.equipNow": "즉시 장착",
    "text.show": "자랑하기",
    "UIRank.title": "무한 모드 랭킹",
    "UIRank.worldRank": "세계 랭킹",
    "UIRank.friendList": "친구 랭킹",
    "UIReady.buyboost": "아이템 구매",
    "UIReady.skillUpgrade": "능력 업그레이드",
    "test.use": "사용",
    "UIRedHeartShop.title": "하트 상점",
    "UIRevive.close": "부활 포기",
    "UIRevive.title": "친구들을 불러 도전에 참여하세요",
    "UISetting.title": "게임 설정",
    "UISetting.BGM": "BGM",
    "UISetting.SFX": "SFX",
    "UISilverCoin.desc": "코인은 프렌즈를 구매하는데 사용할 수 있습니다.",
    "UISilverCoin.title": "코인 상점",
    "text.buy": "구입하다",
    "loadingSceneResource": "로딩 중",
    "unlockEndlessLevel": "레벨 {0}에 도달시 장금 해제",
    "notEnoughHeart": "하트 부족",
    "text.not_enough_silver3": "코인 부족",
    "signInSuccess": "출석 완료",
    "text.upgrade_extra_reward": "레벨업 시 추가 보상",
    "text.waitForMoreLevels": "무한 모드 가능, 더 많은 스테이지 준비 중",
    "text.data_exception": "데이터 오류",
    "text.cannot_select_unlocked_hero": "잠금 해제되지 않은 영웅 선택 불가",
    "text.max_level_reached": "최고 레벨 도달",
    "text.not_enough_resource": "부족",
    "text.cannot_select_unlocked_pet": "잠금 해제되지 않은 펫은 선택 불가!",
    "text.must_watch_video_to_get_reward": "영상 끝까지 시청 시 보상 지급",
    "text.must_watch_video_to_get_reward2": "광고 시청 완료 후 보상 획득",
    "text.share_fail_text1": "공유 실패: 30명 이상 그룹에 공유 필요",
    "text.share_fail_text2": "공유 실패: 새로운 그룹에 공유 필요",
    "text.no_available_video": "영상 없음, 잠시 후 재시도!",
    "UIPet.hatch.hint": "펫 뽑기",
    "UIPet.hatch.title": "펫 알",
    "UIPet.hatch.title2": "펫 부화",
    "text.watch_video": "영상 보기",
    "fail_tip": "절벽에서 추락!",
    "fail_tip_exhausted": "체력 소진!",
    "challengeStart": "도전 시작",
    "challengeSuccess": "도전 성공!",
    "tip_Grow": "거인 변신!",
    "tip_magnet": "자석 파워!",
    "tip_sprint": "대시!"
  },
  "en": {
    "loading": "loading",
    "enegy.recovery": "enegy.recovery",
    "mode.challenge": "Challenge Mode",
    "mode.eternal": "Endless Mode",
    "mode.eternal.infinity": "Endless Mode∞",
    "btn.hero": "btn.hero",
    "btn.pet": "btn.pet",
    "btn.setting": "btn.setting",
    "btn.gift": "btn.gift",
    "btn.rank": "btn.rank",
    "text.confirm": "text.confirm",
    "text.cancel": "text.cancel",
    "text.confirm_use": "Do you want to use?",
    "text.continue": "text.continue",
    "btn.confirm": "btn.confirm",
    "btn.cancel": "btn.cancel",
    "signIn.title": "signIn.title",
    "signIn.signin": "signIn.signin",
    "체크인 완료": "已签",
    "DiaShop.title": "DiaShop.title",
    "DiaShop.getFree": "DiaShop.getFree",
    "currency.dia": "currency.dia",
    "currency.silver": "currency.silver",
    "currency.heart": "currency.heart",
    "DrawBox.title": "DrawBox.title",
    "DrawBox.remain": "DrawBox.remain",
    "DrawBox.reward": "DrawBox.reward",
    "DrawBox.hint1": "DrawBox.hint1",
    "DrawBox.hint2": "DrawBox.hint2",
    "text.congratulations": "text.congratulations",
    "text.selecting_prize": "text.selecting_prize",
    "text.draw_time_used_up": "text.draw_time_used_up",
    "text.diamond_not_enough": "text.diamond_not_enough",
    "text.diamond_not_enough2": "text.diamond_not_enough2",
    "text.close": "text.close",
    "EndPage.title": "EndPage.title",
    "EndPage.newRecord": "EndPage.newRecord",
    "EndPage.growLv": "EndPage.growLv",
    "EndPage.dropItem": "EndPage.dropItem",
    "EndPage.hintEndless": "EndPage.hintEndless",
    "item.upgrade": "item.upgrade",
    "receive.normal": "receive.normal",
    "receive.triple": "receive.triple",
    "Fail.Title": "Fail.Title",
    "Fail.home": "Fail.home",
    "Fail.continue": "Fail.continue",
    "HatchPet.title": "HatchPet.title",
    "HatchPet.myPet": "HatchPet.myPet",
    "petEgg.normal": "petEgg.normal",
    "petEgg.high": "petEgg.high",
    "petEgg.normalDesc": "petEgg.normalDesc",
    "petEgg.highDesc": "petEgg.highDesc",
    "petEgg.normalHatch": "petEgg.normalHatch",
    "petEgg.highHatch": "petEgg.highHatch",
    "heroShop.title": "heroShop.title",
    "maxLevel": "maxLevel",
    "limited": "limited",
    "heroShop.item.nameLab": "heroShop.item.nameLab",
    "heroShop.item.selected": "heroShop.item.selected",
    "upgrade": "upgrade",
    "unlocked": "unlocked",
    "ImgConfirm.title": "ImgConfirm.title",
    "ImgConfirm.content": "ImgConfirm.content",
    "text.pet_hatching": "text.pet_hatching",
    "text.not_enough_silver": "text.not_enough_silver",
    "text.not_enough_heart": "text.not_enough_heart",
    "UILevel.gamestart": "UILevel.gamestart",
    "UILevel.upgrade": "UILevel.upgrade",
    "UILevel.title": "UILevel.title",
    "LiftGift.title": "LiftGift.title",
    "text.highest_level": "text.highest_level",
    "text.not_enough_silver2": "text.not_enough_silver2",
    "UIPause.continue": "UIPause.continue",
    "UIPet.title": "UIPet.title",
    "UIPet.noPet": "UIPet.noPet",
    "UIPet.hatch": "UIPet.hatch",
    "PetDrawResult.content": "PetDrawResult.content",
    "text.equipNow": "text.equipNow",
    "text.show": "text.show",
    "UIRank.title": "UIRank.title",
    "UIRank.worldRank": "UIRank.worldRank",
    "UIRank.friendList": "UIRank.friendList",
    "UIReady.buyboost": "UIReady.buyboost",
    "UIReady.skillUpgrade": "UIReady.skillUpgrade",
    "test.use": "test.use",
    "UIRedHeartShop.title": "UIRedHeartShop.title",
    "UIRevive.close": "UIRevive.close",
    "UIRevive.title": "UIRevive.title",
    "UISetting.title": "UISetting.title",
    "UISetting.BGM": "UISetting.BGM",
    "UISetting.SFX": "UISetting.SFX",
    "UISilverCoin.desc": "UISilverCoin.desc",
    "UISilverCoin.title": "UISilverCoin.title",
    "text.buy": "text.buy",
    "loadingSceneResource": "loadingSceneResource",
    "unlockEndlessLevel": "unlockEndlessLevel",
    "notEnoughHeart": "notEnoughHeart",
    "text.not_enough_silver3": "text.not_enough_silver3",
    "signInSuccess": "signInSuccess",
    "text.upgrade_extra_reward": "text.upgrade_extra_reward",
    "text.waitForMoreLevels": "text.waitForMoreLevels",
    "text.data_exception": "text.data_exception",
    "text.cannot_select_unlocked_hero": "text.cannot_select_unlocked_hero",
    "text.max_level_reached": "text.max_level_reached",
    "text.not_enough_resource": "text.not_enough_resource",
    "text.cannot_select_unlocked_pet": "text.cannot_select_unlocked_pet",
    "text.must_watch_video_to_get_reward": "text.must_watch_video_to_get_reward",
    "text.must_watch_video_to_get_reward2": "text.must_watch_video_to_get_reward2",
    "text.share_fail_text1": "text.share_fail_text1",
    "text.share_fail_text2": "text.share_fail_text2",
    "text.no_available_video": "text.no_available_video",
    "UIPet.hatch.hint": "UIPet.hatch.hint",
    "UIPet.hatch.title": "UIPet.hatch.title",
    "UIPet.hatch.title2": "UIPet.hatch.title2",
    "text.watch_video": "text.watch_video",
    "fail_tip": "fail_tip",
    "fail_tip_exhausted": "fail_tip_exhausted",
    "challengeStart": "challengeStart",
    "challengeSuccess": "challengeSuccess",
    "tip_Grow": "tip_Grow",
    "tip_magnet": "tip_magnet",
    "tip_sprint": "tip_sprint"
  },
  "cn": {
    "loading": "加载中",
    "enegy.recovery": "爱心恢复时间:",
    "mode.challenge": "闯关模式",
    "mode.eternal": "无尽模式",
    "mode.eternal.infinity": "无尽模式∞",
    "btn.hero": "角色",
    "btn.pet": "宠物",
    "btn.setting": "设置",
    "btn.gift": "礼物",
    "btn.rank": "排行",
    "text.confirm": "好的",
    "text.cancel": "不用",
    "text.confirm_use": "确定使用吗？",
    "text.continue": "点击任意区域继续",
    "btn.confirm": "确定",
    "btn.cancel": "取消",
    "signIn.title": "每日签到",
    "signIn.signin": "签到",
    "체크인 완료": "체크인 완료",
    "DiaShop.title": "钻石商店",
    "DiaShop.getFree": "免费领取",
    "currency.dia": "钻石",
    "currency.silver": "银币",
    "currency.heart": "红心",
    "DrawBox.title": "抽礼物",
    "DrawBox.remain": "当日剩余次数：",
    "DrawBox.reward": "开局加速",
    "DrawBox.hint1": "X5 打开宝箱",
    "DrawBox.hint2": "消耗",
    "text.congratulations": "恭喜获得",
    "text.selecting_prize": "正在挑选奖品！",
    "text.draw_time_used_up": "当日抽奖次数已用完！",
    "text.diamond_not_enough": "钻石不足！",
    "text.diamond_not_enough2": "钻石不足",
    "text.close": "关闭",
    "EndPage.title": "游戏得分",
    "EndPage.newRecord": "新纪录",
    "EndPage.growLv": "等级成长:",
    "EndPage.dropItem": "战利品:",
    "EndPage.hintEndless": "无尽关卡已解锁，快去游玩吧！",
    "item.upgrade": "升级奖励",
    "receive.normal": "普通领取",
    "receive.triple": "三倍领取",
    "Fail.Title": "挑战失败",
    "Fail.home": "返回主页",
    "Fail.continue": "重新再来",
    "HatchPet.title": "孵化宠物",
    "HatchPet.myPet": "我的宠物",
    "petEgg.normal": "普通宠物蛋",
    "petEgg.high": "高级宠物蛋",
    "petEgg.normalDesc": "孵化可获得C/D宠物",
    "petEgg.highDesc": "孵化可获得A/B/C级宠物",
    "petEgg.normalHatch": "普通孵化",
    "petEgg.highHatch": "高级孵化",
    "heroShop.title": "选择英雄",
    "maxLevel": "已满级",
    "limited": "限定",
    "heroShop.item.nameLab": "我是火枪手",
    "heroShop.item.selected": "当前选择",
    "upgrade": "升级",
    "unlocked": "未解锁",
    "ImgConfirm.title": "提示",
    "ImgConfirm.content": "巨人状态",
    "text.pet_hatching": "宠物正在努力破壳，请稍后...",
    "text.not_enough_silver": "银币不足！",
    "text.not_enough_heart": "红心不足！",
    "UILevel.gamestart": "开始游戏",
    "UILevel.upgrade": "升级天赋",
    "UILevel.title": "选择关卡",
    "LiftGift.title": "能力升级",
    "text.highest_level": "已到达最高级",
    "text.not_enough_silver2": "银币不足",
    "UIPause.continue": "继续游戏",
    "UIPet.title": "选择宠物",
    "UIPet.noPet": "你还没有宠物  快去孵化一个吧！",
    "UIPet.hatch": "孵化",
    "PetDrawResult.content": "获得新宠物“",
    "text.equipNow": "立即装备",
    "text.show": "炫耀",
    "UIRank.title": "无尽排行榜",
    "UIRank.worldRank": "世界榜",
    "UIRank.friendList": "好友榜",
    "UIReady.buyboost": "购买道具",
    "UIReady.skillUpgrade": "能力升级",
    "test.use": "使用",
    "UIRedHeartShop.title": "红心商店",
    "UIRevive.close": "放弃复活",
    "UIRevive.title": "召唤好友接力",
    "UISetting.title": "游戏设置",
    "UISetting.BGM": "音乐",
    "UISetting.SFX": "音效",
    "UISilverCoin.desc": "银币可以用来购买英雄！",
    "UISilverCoin.title": "银币商店",
    "text.buy": "购买",
    "loadingSceneResource": "加载场景资源",
    "unlockEndlessLevel": "达到等级 {0} 后解锁!",
    "notEnoughHeart": "爱心不足",
    "text.not_enough_silver3": "无法使用，当前银币不足.",
    "signInSuccess": "签到成功",
    "text.upgrade_extra_reward": "每次升级将会额外获得奖励!",
    "text.waitForMoreLevels": "可先进行无尽模式，请期待更多关卡！",
    "text.data_exception": "数据异常",
    "text.cannot_select_unlocked_hero": "无法选择未解锁的英雄！",
    "text.max_level_reached": "已到最高级！",
    "text.not_enough_resource": "不足",
    "text.cannot_select_unlocked_pet": "无法选择未解锁的宠物！",
    "text.must_watch_video_to_get_reward": "必须看完视频,才能获取奖励",
    "text.must_watch_video_to_get_reward2": "看完广告才能获得奖励哦",
    "text.share_fail_text1": "分享失败，请分享到30人群",
    "text.share_fail_text2": "分享失败，请分享到新的群",
    "text.no_available_video": "暂无可用视频，请稍后再试 !",
    "UIPet.hatch.hint": "宠物抽奖",
    "UIPet.hatch.title": "宠物蛋",
    "UIPet.hatch.title2": "孵化",
    "text.watch_video": "看视频",
    "fail_tip": "你掉下悬崖了!!",
    "fail_tip_exhausted": "你的体力消耗完了!!",
    "challengeStart": "挑战开始",
    "challengeSuccess": "挑战成功!",
    "tip_Grow": "变大!",
    "tip_magnet": "磁力!",
    "tip_sprint": "冲刺!"
  }
}